customerID,gender,SeniorCitizen,tenure,PhoneService,InternetService,MonthlyCharges,TotalCharges,Churn
CUST00001,Male,0,26,No,No,23.92,417.6,No
CUST00002,Female,1,51,Yes,DSL,45.95,2258.8,No
CUST00003,Female,0,6,Yes,Fiber optic,86.21,533.08,No
CUST00004,Male,0,0,Yes,DSL,90.98,,No
CUST00005,Female,0,11,Yes,DSL,85.69,922.33,Yes
CUST00006,Female,0,2,Yes,No,96.74,183.85,Yes
CUST00007,Male,0,72,Yes,No,36.97,2935.68,No
CUST00008,Male,1,68,Yes,Fiber optic,57.55,3664.45,Yes
CUST00009,Male,0,2,Yes,No,63.58,142.5,No
CUST00010,Male,0,59,No,Fiber optic,33.7,1467.78,No
CUST00011,Male,0,0,Yes,DSL,102.86,,No
CUST00012,Female,0,6,Yes,DSL,106.22,596.7,No
CUST00013,Male,0,52,No,Fiber optic,67.9,3860.32,No
CUST00014,Male,1,68,No,DSL,38.33,2635.13,Yes
CUST00015,Male,0,68,Yes,No,43.68,3436.15,No
CUST00016,Male,0,55,No,DSL,43.16,2588.96,No
CUST00017,Male,0,0,No,No,87.07,,No
CUST00018,Female,0,24,No,No,20.29,553.65,No
CUST00019,Male,0,49,No,DSL,25.13,796.99,No
CUST00020,Female,0,43,Yes,Fiber optic,24.66,863.52,Yes
CUST00021,Male,0,9,Yes,Fiber optic,70.72,565.34,Yes
CUST00022,Male,1,10,No,DSL,66.99,654.81,No
CUST00023,Male,1,6,Yes,DSL,100.72,583.91,No
CUST00024,Male,1,50,No,Fiber optic,58.08,2589.61,Yes
CUST00025,Male,0,38,Yes,No,94.07,3436.55,No
CUST00026,Female,1,3,Yes,DSL,65.03,209.41,No
CUST00027,Female,0,59,No,No,44.86,3085.22,No
CUST00028,Male,0,36,Yes,Fiber optic,44.79,,No
CUST00029,Male,0,7,No,No,75.81,594.61,No
CUST00030,Male,0,7,Yes,Fiber optic,74.53,540.06,No
CUST00031,Male,0,68,Yes,DSL,36.03,3060.0,No
CUST00032,Male,0,15,No,Fiber optic,35.54,662.74,No
CUST00033,Female,1,36,No,Fiber optic,88.26,3084.31,No
CUST00034,Female,0,53,No,DSL,22.14,1430.61,No
CUST00035,Male,0,11,Yes,Fiber optic,103.71,1058.96,Yes
CUST00036,Female,0,0,No,Fiber optic,102.82,,Yes
CUST00037,Male,0,50,No,Fiber optic,51.94,2973.14,No
CUST00038,Male,0,2,No,Fiber optic,88.7,193.84,No
CUST00039,Male,0,0,Yes,DSL,90.83,,No
CUST00040,Female,0,2,No,DSL,75.77,144.3,No
CUST00041,Female,0,22,No,DSL,28.65,627.99,No
CUST00042,Male,0,1,Yes,DSL,104.87,104.56,Yes
CUST00043,Female,0,5,No,DSL,107.11,520.38,No
CUST00044,Male,0,7,Yes,Fiber optic,90.18,656.27,No
CUST00045,Female,0,6,No,Fiber optic,81.89,453.73,Yes
CUST00046,Male,0,43,Yes,DSL,35.76,1292.01,No
CUST00047,Male,0,57,Yes,DSL,82.62,4704.54,No
CUST00048,Female,0,61,Yes,DSL,38.99,2390.9,No
CUST00049,Male,0,64,No,DSL,89.09,5326.99,No
CUST00050,Male,0,2,Yes,Fiber optic,86.32,179.75,No
CUST00051,Female,1,72,No,Fiber optic,84.18,5611.83,Yes
CUST00052,Male,0,57,Yes,Fiber optic,86.02,,Yes
CUST00053,Female,0,9,Yes,DSL,61.57,619.06,No
CUST00054,Female,0,36,Yes,Fiber optic,52.33,2108.6,No
CUST00055,Female,1,58,Yes,DSL,24.77,1711.77,No
CUST00056,Female,0,18,Yes,No,72.51,1338.64,No
CUST00057,Male,0,45,Yes,No,84.73,4229.45,No
CUST00058,Male,0,6,No,DSL,102.93,635.83,Yes
CUST00059,Male,0,28,No,DSL,63.06,1613.07,No
CUST00060,Male,0,3,Yes,Fiber optic,91.54,256.06,No
CUST00061,Female,0,56,No,Fiber optic,48.87,2528.15,No
CUST00062,Female,0,1,No,Fiber optic,79.02,71.97,Yes
CUST00063,Male,0,67,Yes,Fiber optic,63.92,4547.12,Yes
CUST00064,Female,0,19,Yes,No,34.49,684.59,No
CUST00065,Female,0,21,No,Fiber optic,73.1,1342.31,No
CUST00066,Male,0,10,No,Fiber optic,83.11,772.81,Yes
CUST00067,Female,1,29,Yes,DSL,45.47,1232.24,No
CUST00068,Female,1,8,Yes,Fiber optic,89.64,669.01,Yes
CUST00069,Male,0,13,No,DSL,27.55,291.63,No
CUST00070,Male,0,2,No,No,86.48,160.51,Yes
CUST00071,Female,0,13,No,DSL,40.27,566.75,No
CUST00072,Male,0,6,No,Fiber optic,71.48,428.26,Yes
CUST00073,Male,0,8,No,DSL,72.9,592.52,No
CUST00074,Male,0,7,Yes,DSL,77.71,509.9,Yes
CUST00075,Female,0,2,Yes,Fiber optic,77.1,162.64,Yes
CUST00076,Female,0,40,Yes,Fiber optic,69.06,2412.54,Yes
CUST00077,Male,1,12,No,Fiber optic,74.04,915.28,No
CUST00078,Female,0,12,No,No,66.76,874.4,No
CUST00079,Male,0,18,Yes,Fiber optic,50.48,,Yes
CUST00080,Male,0,9,No,Fiber optic,103.91,899.16,No
CUST00081,Male,1,7,Yes,No,70.74,474.89,Yes
CUST00082,Male,1,10,Yes,No,81.82,768.83,No
CUST00083,Female,1,8,Yes,DSL,89.0,667.19,No
CUST00084,Male,0,48,Yes,DSL,56.17,3114.09,No
CUST00085,Male,0,1,Yes,No,107.14,116.27,No
CUST00086,Female,0,44,Yes,Fiber optic,40.26,2005.51,Yes
CUST00087,Male,1,44,Yes,No,36.98,1543.63,No
CUST00088,Female,0,4,No,Fiber optic,82.91,306.31,No
CUST00089,Male,0,2,Yes,DSL,64.69,128.04,No
CUST00090,Male,0,53,No,Fiber optic,77.18,3723.8,Yes
CUST00091,Male,0,43,No,DSL,49.69,2526.7,No
CUST00092,Female,0,55,No,Fiber optic,55.88,3251.83,No
CUST00093,Female,0,0,No,Fiber optic,77.98,,Yes
CUST00094,Male,0,0,Yes,DSL,103.56,,No
CUST00095,Male,1,10,No,DSL,79.4,757.69,No
CUST00096,Female,0,1,No,DSL,73.96,77.73,No
CUST00097,Male,0,18,Yes,DSL,99.85,1779.49,No
CUST00098,Female,0,33,No,Fiber optic,74.98,2768.67,Yes
CUST00099,Female,0,50,Yes,Fiber optic,94.24,5002.34,No
CUST00100,Male,0,54,Yes,DSL,20.63,1638.47,No
CUST00101,Female,0,1,No,Fiber optic,92.74,85.9,No
CUST00102,Male,0,18,Yes,No,94.43,1557.57,No
CUST00103,Male,0,60,Yes,Fiber optic,55.9,3277.58,No
CUST00104,Female,0,9,No,No,76.87,662.82,No
CUST00105,Female,0,43,No,Fiber optic,67.67,3143.45,No
CUST00106,Male,0,63,No,Fiber optic,79.47,4772.64,No
CUST00107,Female,0,0,Yes,DSL,72.27,,Yes
CUST00108,Male,0,1,Yes,Fiber optic,101.38,104.99,Yes
CUST00109,Female,0,59,No,DSL,40.23,2083.39,No
CUST00110,Male,1,0,No,No,61.3,,No
CUST00111,Female,0,4,No,Fiber optic,84.24,341.81,Yes
CUST00112,Female,0,13,No,DSL,57.99,831.96,No
CUST00113,Male,0,6,No,DSL,102.35,651.77,No
CUST00114,Female,0,69,No,No,49.49,3634.64,No
CUST00115,Male,0,11,Yes,DSL,101.24,1156.24,No
CUST00116,Male,1,10,Yes,Fiber optic,97.34,1019.36,Yes
CUST00117,Female,0,46,Yes,No,82.87,3739.89,No
CUST00118,Female,1,5,No,Fiber optic,76.89,419.09,Yes
CUST00119,Male,0,16,Yes,Fiber optic,52.52,866.22,No
CUST00120,Male,0,6,Yes,Fiber optic,69.82,395.82,No
CUST00121,Male,0,19,Yes,Fiber optic,89.34,1614.86,No
CUST00122,Male,0,7,No,No,94.78,726.42,No
CUST00123,Male,0,2,Yes,Fiber optic,78.94,175.82,Yes
CUST00124,Female,0,49,Yes,Fiber optic,73.7,3616.8,Yes
CUST00125,Female,0,2,Yes,DSL,62.87,,No
CUST00126,Male,1,60,No,Fiber optic,21.26,1245.36,No
CUST00127,Male,1,11,No,DSL,98.09,1069.48,No
CUST00128,Female,0,55,Yes,DSL,65.88,3442.29,No
CUST00129,Female,0,4,No,Fiber optic,67.22,296.66,No
CUST00130,Male,0,71,No,DSL,70.0,4291.41,No
CUST00131,Female,0,60,No,DSL,38.17,2392.51,No
CUST00132,Male,0,21,No,No,58.87,1422.28,No
CUST00133,Female,0,11,Yes,No,91.02,997.05,Yes
CUST00134,Male,0,10,Yes,DSL,90.15,809.57,No
CUST00135,Male,0,12,No,No,34.55,306.07,No
CUST00136,Female,0,13,No,No,48.16,,No
CUST00137,Male,1,9,Yes,Fiber optic,108.6,,Yes
CUST00138,Male,0,6,No,No,82.72,479.06,No
CUST00139,Male,0,69,Yes,DSL,46.51,2935.04,No
CUST00140,Male,0,40,No,Fiber optic,62.75,2798.74,Yes
CUST00141,Female,1,64,No,Fiber optic,75.12,4490.62,No
CUST00142,Female,0,19,No,DSL,72.3,1225.14,No
CUST00143,Female,0,10,Yes,Fiber optic,95.26,983.85,Yes
CUST00144,Male,0,10,Yes,Fiber optic,75.89,729.2,Yes
CUST00145,Female,0,12,Yes,Fiber optic,82.69,1092.56,No
CUST00146,Male,0,55,Yes,Fiber optic,21.0,1146.8,No
CUST00147,Male,0,17,No,Fiber optic,35.16,525.33,No
CUST00148,Female,0,28,Yes,Fiber optic,56.6,1448.84,No
CUST00149,Male,0,20,No,No,76.68,,No
CUST00150,Female,0,70,No,DSL,99.03,6248.14,No
CUST00151,Male,0,21,No,No,45.01,1088.93,No
CUST00152,Male,0,0,Yes,DSL,107.15,,Yes
CUST00153,Male,0,14,No,Fiber optic,37.37,394.25,No
CUST00154,Male,1,2,Yes,DSL,61.97,129.1,No
CUST00155,Male,0,52,Yes,Fiber optic,61.73,3252.78,No
CUST00156,Male,0,4,Yes,Fiber optic,69.55,283.92,No
CUST00157,Female,0,53,Yes,DSL,80.59,3925.78,No
CUST00158,Male,0,12,Yes,DSL,77.39,856.91,No
CUST00159,Male,0,29,Yes,DSL,72.68,,No
CUST00160,Female,0,12,No,DSL,32.26,298.41,No
CUST00161,Female,0,4,No,DSL,70.54,310.58,Yes
CUST00162,Female,0,32,No,No,28.61,1012.56,No
CUST00163,Female,1,56,No,DSL,79.95,4911.55,No
CUST00164,Male,0,26,Yes,Fiber optic,21.11,387.57,Yes
CUST00165,Male,0,0,Yes,DSL,95.71,,Yes
CUST00166,Female,0,5,Yes,Fiber optic,88.55,448.22,Yes
CUST00167,Female,1,54,Yes,No,79.3,4013.63,No
CUST00168,Female,0,33,Yes,Fiber optic,73.0,2209.94,No
CUST00169,Male,0,26,No,DSL,59.83,1786.51,No
CUST00170,Female,0,36,No,Fiber optic,63.49,2156.3,Yes
CUST00171,Male,0,33,Yes,Fiber optic,50.95,1398.66,No
CUST00172,Female,0,38,No,No,37.6,1517.06,No
CUST00173,Female,0,1,Yes,No,74.5,76.82,No
CUST00174,Male,1,0,Yes,Fiber optic,77.59,,Yes
CUST00175,Female,0,37,No,DSL,37.65,1142.11,No
CUST00176,Female,0,46,Yes,No,92.01,3930.99,No
CUST00177,Male,1,6,Yes,Fiber optic,75.21,505.36,Yes
CUST00178,Male,0,1,Yes,Fiber optic,105.2,97.27,No
CUST00179,Female,0,55,No,No,55.75,2712.77,No
CUST00180,Female,0,3,Yes,DSL,78.53,252.86,No
CUST00181,Male,0,67,Yes,Fiber optic,51.57,2900.43,No
CUST00182,Female,0,69,No,Fiber optic,56.75,4383.9,No
CUST00183,Female,0,56,No,No,35.4,2107.88,No
CUST00184,Male,0,30,No,DSL,20.18,754.42,No
CUST00185,Male,0,36,No,DSL,33.48,1069.32,No
CUST00186,Female,0,40,Yes,Fiber optic,73.17,2600.97,No
CUST00187,Female,0,72,Yes,Fiber optic,55.62,4475.4,No
CUST00188,Male,0,55,No,Fiber optic,60.95,3543.73,Yes
CUST00189,Female,0,14,Yes,No,47.98,681.64,No
CUST00190,Female,0,61,No,Fiber optic,72.25,4573.28,No
CUST00191,Male,0,30,Yes,Fiber optic,43.27,1091.98,Yes
CUST00192,Female,0,9,No,DSL,94.74,777.56,No
CUST00193,Female,1,25,Yes,No,43.73,1185.83,Yes
CUST00194,Female,1,8,No,Fiber optic,88.51,691.22,Yes
CUST00195,Female,1,66,No,Fiber optic,96.92,6885.07,No
CUST00196,Female,1,45,Yes,DSL,39.93,1770.02,No
CUST00197,Female,1,45,Yes,Fiber optic,53.73,2707.6,No
CUST00198,Female,1,69,No,DSL,48.49,3382.83,Yes
CUST00199,Male,0,19,Yes,Fiber optic,91.36,1846.18,Yes
CUST00200,Female,0,6,No,DSL,104.3,670.2,Yes
CUST00201,Female,0,28,No,DSL,63.42,1935.17,No
CUST00202,Female,0,40,No,Fiber optic,85.4,,No
CUST00203,Male,0,8,Yes,Fiber optic,81.79,681.49,Yes
CUST00204,Female,0,16,Yes,Fiber optic,50.11,850.28,No
CUST00205,Male,0,12,No,DSL,22.49,348.07,No
CUST00206,Female,0,45,Yes,No,73.9,3136.57,No
CUST00207,Female,1,68,No,No,75.26,5235.72,No
CUST00208,Male,0,61,No,DSL,43.39,2439.79,No
CUST00209,Male,0,35,Yes,No,56.33,2028.97,No
CUST00210,Female,1,40,No,Fiber optic,40.26,1919.87,No
CUST00211,Male,0,16,Yes,DSL,85.9,1391.97,No
CUST00212,Female,1,12,No,Fiber optic,98.05,1259.01,Yes
CUST00213,Female,1,35,Yes,Fiber optic,80.37,2882.31,Yes
CUST00214,Female,0,1,No,Fiber optic,89.37,80.85,Yes
CUST00215,Female,0,36,No,No,73.34,2618.17,No
CUST00216,Female,0,17,Yes,No,54.19,988.29,No
CUST00217,Female,0,18,No,DSL,61.47,971.39,No
CUST00218,Female,0,0,No,Fiber optic,78.2,,No
CUST00219,Female,0,0,Yes,Fiber optic,80.9,,Yes
CUST00220,Female,0,17,No,Fiber optic,41.13,569.63,No
CUST00221,Female,0,34,No,Fiber optic,45.68,1363.04,Yes
CUST00222,Female,0,49,No,DSL,50.51,2885.4,No
CUST00223,Male,0,55,No,No,21.24,1700.69,No
CUST00224,Female,0,57,Yes,DSL,52.87,3383.61,No
CUST00225,Female,1,0,Yes,No,82.16,,Yes
CUST00226,Female,0,43,Yes,No,53.13,2553.28,No
CUST00227,Female,0,10,No,Fiber optic,93.59,917.58,Yes
CUST00228,Female,1,50,Yes,DSL,75.45,4013.93,Yes
CUST00229,Female,0,36,No,DSL,78.5,3008.11,No
CUST00230,Female,0,9,Yes,Fiber optic,105.41,905.2,No
CUST00231,Male,0,11,No,DSL,92.71,976.02,No
CUST00232,Female,0,41,Yes,Fiber optic,35.27,1271.15,No
CUST00233,Female,0,46,Yes,Fiber optic,98.14,4886.49,Yes
CUST00234,Female,0,6,Yes,Fiber optic,84.82,490.75,Yes
CUST00235,Male,0,57,No,Fiber optic,94.86,5351.78,No
CUST00236,Male,0,37,No,DSL,36.06,1218.53,No
CUST00237,Male,1,43,No,Fiber optic,27.91,989.42,No
CUST00238,Female,0,37,Yes,Fiber optic,64.12,2361.17,Yes
CUST00239,Male,0,59,Yes,Fiber optic,85.64,4857.42,No
CUST00240,Male,0,7,Yes,DSL,83.9,607.73,No
CUST00241,Male,0,20,Yes,DSL,92.94,1798.55,No
CUST00242,Male,0,52,No,Fiber optic,43.31,2214.74,No
CUST00243,Female,0,12,No,DSL,31.56,390.54,No
CUST00244,Female,0,55,No,DSL,79.63,3991.12,No
CUST00245,Female,1,0,Yes,Fiber optic,85.67,,No
CUST00246,Female,0,1,Yes,No,77.46,72.36,No
CUST00247,Female,1,16,No,DSL,64.56,1141.76,No
CUST00248,Female,0,7,No,Fiber optic,72.75,443.63,Yes
CUST00249,Male,0,21,Yes,DSL,98.6,2257.26,No
CUST00250,Female,0,28,No,Fiber optic,80.72,,No
CUST00251,Female,1,4,No,Fiber optic,96.93,,Yes
CUST00252,Female,0,6,Yes,DSL,87.2,561.89,No
CUST00253,Male,0,19,Yes,DSL,71.92,1450.28,No
CUST00254,Female,0,4,Yes,Fiber optic,109.0,459.94,Yes
CUST00255,Female,0,7,Yes,DSL,81.16,590.06,Yes
CUST00256,Male,0,6,No,DSL,61.14,425.61,No
CUST00257,Male,1,41,No,Fiber optic,71.95,2760.97,Yes
CUST00258,Female,0,9,Yes,Fiber optic,78.19,774.55,No
CUST00259,Male,0,58,No,Fiber optic,66.42,3629.51,No
CUST00260,Male,0,71,Yes,No,49.15,3309.01,No
CUST00261,Female,0,12,No,DSL,44.25,640.38,No
CUST00262,Male,1,24,Yes,DSL,94.99,2257.16,No
CUST00263,Female,0,39,No,DSL,32.95,1509.8,No
CUST00264,Male,0,50,Yes,No,41.98,2364.17,No
CUST00265,Female,0,64,Yes,DSL,55.79,4167.77,No
CUST00266,Male,1,0,Yes,Fiber optic,71.46,,No
CUST00267,Male,1,62,No,No,96.7,5581.81,No
CUST00268,Female,0,26,No,Fiber optic,49.01,1039.92,No
CUST00269,Male,0,39,Yes,Fiber optic,23.53,1014.58,No
CUST00270,Female,0,0,No,Fiber optic,109.93,,No
CUST00271,Female,0,69,Yes,DSL,25.9,1193.87,No
CUST00272,Male,1,1,Yes,No,96.64,,No
CUST00273,Female,0,2,Yes,No,80.06,150.48,No
CUST00274,Male,0,49,Yes,DSL,44.14,1765.18,No
CUST00275,Female,0,1,Yes,Fiber optic,80.88,82.85,No
CUST00276,Female,0,31,Yes,No,50.62,1545.98,No
CUST00277,Male,0,24,Yes,Fiber optic,26.09,392.78,No
CUST00278,Female,1,25,Yes,No,78.01,2155.78,No
CUST00279,Male,0,11,Yes,No,69.01,854.12,No
CUST00280,Female,0,20,No,DSL,96.39,1836.13,No
CUST00281,Female,0,53,No,DSL,87.68,5174.04,No
CUST00282,Male,0,5,Yes,Fiber optic,69.38,361.3,Yes
CUST00283,Male,0,5,Yes,Fiber optic,96.1,435.16,Yes
CUST00284,Male,0,28,No,DSL,75.98,2003.38,No
CUST00285,Female,0,6,Yes,Fiber optic,68.07,373.86,No
CUST00286,Female,1,60,No,No,32.78,2174.9,Yes
CUST00287,Female,1,1,No,DSL,97.59,99.79,No
CUST00288,Male,0,46,No,Fiber optic,33.86,1149.81,No
CUST00289,Male,0,12,No,Fiber optic,40.07,593.43,No
CUST00290,Male,0,28,No,Fiber optic,25.77,908.0,Yes
CUST00291,Male,0,29,Yes,No,41.89,,No
CUST00292,Male,0,48,No,DSL,33.76,1895.37,No
CUST00293,Male,0,61,No,No,43.37,2392.27,No
CUST00294,Male,0,0,Yes,Fiber optic,82.54,,No
CUST00295,Female,0,55,Yes,Fiber optic,62.03,3144.72,No
CUST00296,Female,0,69,No,DSL,39.18,3008.57,No
CUST00297,Female,0,14,Yes,Fiber optic,62.3,978.7,No
CUST00298,Female,0,47,Yes,Fiber optic,24.55,751.92,No
CUST00299,Male,0,71,No,DSL,35.9,2982.74,No
CUST00300,Female,0,9,No,Fiber optic,80.61,693.11,Yes
CUST00301,Male,0,23,No,DSL,76.69,1555.28,No
CUST00302,Female,0,38,No,No,25.01,1245.42,No
CUST00303,Male,0,9,Yes,Fiber optic,96.76,926.21,Yes
CUST00304,Female,0,6,No,No,72.42,418.88,Yes
CUST00305,Male,0,10,Yes,No,65.98,744.54,No
CUST00306,Female,1,24,Yes,No,62.69,1613.07,Yes
CUST00307,Female,0,51,Yes,Fiber optic,23.35,1459.53,Yes
CUST00308,Female,0,7,No,DSL,74.76,475.0,Yes
CUST00309,Female,0,33,Yes,DSL,87.61,,No
CUST00310,Female,0,58,Yes,DSL,58.08,2856.18,No
CUST00311,Female,0,33,Yes,No,61.09,2057.53,No
CUST00312,Male,0,0,No,No,85.86,,Yes
CUST00313,Female,0,10,No,DSL,83.93,864.65,Yes
CUST00314,Female,0,7,No,No,74.38,536.21,No
CUST00315,Male,0,12,No,DSL,81.14,978.29,No
CUST00316,Female,0,5,No,Fiber optic,62.11,275.56,No
CUST00317,Female,0,9,Yes,DSL,60.02,539.58,No
CUST00318,Female,0,12,No,Fiber optic,96.85,1220.76,No
CUST00319,Male,0,12,Yes,Fiber optic,92.01,1157.82,No
CUST00320,Male,0,2,Yes,No,108.88,218.87,No
CUST00321,Male,0,72,Yes,Fiber optic,83.27,6688.33,No
CUST00322,Female,0,66,No,Fiber optic,98.39,6978.16,Yes
CUST00323,Female,0,12,Yes,Fiber optic,86.82,,Yes
CUST00324,Male,0,30,Yes,DSL,99.17,2696.77,No
CUST00325,Male,0,22,Yes,No,58.61,1482.25,No
CUST00326,Male,1,48,Yes,Fiber optic,29.9,1887.47,No
CUST00327,Female,0,7,No,DSL,80.06,504.37,Yes
CUST00328,Male,1,70,No,Fiber optic,98.4,6601.17,No
CUST00329,Male,1,15,No,DSL,42.98,698.46,No
CUST00330,Female,0,46,No,Fiber optic,46.81,,Yes
CUST00331,Female,1,33,No,DSL,80.51,2963.77,Yes
CUST00332,Female,0,8,No,DSL,104.14,826.99,Yes
CUST00333,Male,0,10,Yes,No,96.2,968.81,Yes
CUST00334,Male,0,27,No,No,70.42,2018.49,No
CUST00335,Female,0,0,No,Fiber optic,89.31,,Yes
CUST00336,Male,1,64,No,DSL,25.33,2187.45,No
CUST00337,Male,0,45,Yes,DSL,45.22,2480.75,No
CUST00338,Male,1,14,Yes,DSL,60.71,,No
CUST00339,Male,1,14,Yes,Fiber optic,90.38,,No
CUST00340,Male,1,57,Yes,No,96.4,6053.56,No
CUST00341,Female,0,66,Yes,Fiber optic,50.7,3373.82,Yes
CUST00342,Female,0,57,No,No,90.38,5218.82,No
CUST00343,Female,1,54,Yes,No,28.01,1469.68,No
CUST00344,Female,1,53,No,Fiber optic,90.27,4331.68,No
CUST00345,Female,1,5,No,DSL,76.15,335.51,Yes
CUST00346,Female,0,5,Yes,Fiber optic,66.2,365.45,No
CUST00347,Female,0,21,No,Fiber optic,39.54,760.49,No
CUST00348,Female,0,4,Yes,Fiber optic,78.97,276.44,Yes
CUST00349,Male,0,8,No,No,84.5,622.78,Yes
CUST00350,Female,0,52,No,DSL,65.68,3301.74,No
CUST00351,Female,0,64,Yes,DSL,28.83,1602.87,No
CUST00352,Female,0,22,No,No,36.01,815.11,No
CUST00353,Male,0,48,Yes,No,92.46,4164.94,No
CUST00354,Male,0,9,No,DSL,89.1,780.12,Yes
CUST00355,Female,0,35,Yes,DSL,33.27,1237.81,No
CUST00356,Male,0,45,Yes,DSL,82.67,4005.89,No
CUST00357,Female,0,3,Yes,No,64.89,187.65,No
CUST00358,Male,0,5,Yes,DSL,83.0,445.87,Yes
CUST00359,Female,0,64,Yes,Fiber optic,93.0,5840.47,Yes
CUST00360,Male,0,15,No,No,76.75,1124.98,No
CUST00361,Male,0,38,Yes,Fiber optic,76.65,3224.76,No
CUST00362,Female,0,28,Yes,No,61.74,1786.45,No
CUST00363,Female,0,3,Yes,No,96.69,276.24,Yes
CUST00364,Male,0,70,No,DSL,28.38,2651.89,No
CUST00365,Female,0,5,No,Fiber optic,94.93,438.12,No
CUST00366,Female,0,42,Yes,DSL,34.5,1557.14,No
CUST00367,Male,0,6,Yes,Fiber optic,89.23,544.62,Yes
CUST00368,Female,0,19,Yes,No,40.94,633.75,No
CUST00369,Male,0,44,Yes,Fiber optic,24.24,,No
CUST00370,Female,0,11,Yes,DSL,66.22,721.37,No
CUST00371,Male,0,12,Yes,Fiber optic,21.32,193.02,No
CUST00372,Male,1,11,Yes,Fiber optic,89.3,906.92,Yes
CUST00373,Female,0,1,No,Fiber optic,62.19,58.15,No
CUST00374,Male,1,5,No,DSL,77.76,348.14,Yes
CUST00375,Female,0,0,No,DSL,91.21,,Yes
CUST00376,Male,0,6,No,No,92.65,502.74,No
CUST00377,Female,0,14,No,DSL,64.09,770.87,No
CUST00378,Female,0,4,Yes,No,66.07,243.79,No
CUST00379,Female,0,17,Yes,No,53.11,803.11,No
CUST00380,Male,0,3,No,Fiber optic,81.31,249.97,No
CUST00381,Female,0,58,No,Fiber optic,66.45,3391.67,No
CUST00382,Female,0,5,No,DSL,90.83,493.2,Yes
CUST00383,Female,0,7,No,Fiber optic,88.92,642.65,Yes
CUST00384,Male,0,11,No,DSL,63.41,755.61,No
CUST00385,Female,0,39,No,Fiber optic,21.81,1084.13,No
CUST00386,Female,0,62,No,Fiber optic,41.9,3005.45,No
CUST00387,Male,1,50,No,Fiber optic,43.87,1917.64,Yes
CUST00388,Female,0,21,No,No,80.9,1842.95,No
CUST00389,Female,0,70,Yes,DSL,42.61,2294.36,No
CUST00390,Female,0,25,No,DSL,83.87,2058.37,No
CUST00391,Male,0,65,No,Fiber optic,80.77,5511.22,No
CUST00392,Female,1,15,Yes,DSL,27.73,283.57,No
CUST00393,Female,0,12,No,DSL,64.8,792.75,No
CUST00394,Female,0,15,No,DSL,89.95,1362.27,No
CUST00395,Female,1,65,Yes,DSL,73.49,4465.14,No
CUST00396,Male,0,42,No,No,68.64,3001.5,No
CUST00397,Male,0,9,No,Fiber optic,101.87,843.49,No
CUST00398,Female,1,14,Yes,Fiber optic,44.0,743.22,No
CUST00399,Female,0,5,No,Fiber optic,72.7,372.74,No
CUST00400,Female,0,6,No,No,101.15,632.17,Yes
CUST00401,Male,0,35,No,DSL,67.21,2248.01,No
CUST00402,Male,0,20,No,DSL,82.95,1733.1,No
CUST00403,Female,0,12,No,Fiber optic,65.17,854.49,No
CUST00404,Male,0,1,Yes,Fiber optic,72.16,67.26,Yes
CUST00405,Male,0,10,No,DSL,93.56,985.88,Yes
CUST00406,Male,0,56,Yes,DSL,78.43,4569.27,No
CUST00407,Male,0,4,No,DSL,78.02,316.86,Yes
CUST00408,Female,0,68,Yes,Fiber optic,43.9,3522.17,No
CUST00409,Female,1,33,Yes,Fiber optic,28.93,798.01,Yes
CUST00410,Male,0,56,No,DSL,46.5,2202.45,No
CUST00411,Male,0,59,No,DSL,73.44,4287.13,No
CUST00412,Male,0,43,Yes,DSL,80.18,3548.22,No
CUST00413,Female,0,51,Yes,Fiber optic,30.81,1258.47,No
CUST00414,Female,1,30,No,DSL,42.56,1326.62,Yes
CUST00415,Female,1,8,No,DSL,61.01,559.67,No
CUST00416,Female,0,51,No,DSL,97.92,4860.34,No
CUST00417,Male,1,69,No,No,85.0,6470.29,No
CUST00418,Female,0,14,Yes,Fiber optic,61.31,998.2,No
CUST00419,Male,0,10,No,DSL,88.45,796.11,Yes
CUST00420,Male,1,60,Yes,Fiber optic,43.68,2665.77,No
CUST00421,Male,0,6,Yes,DSL,75.84,452.54,Yes
CUST00422,Male,0,11,No,No,79.57,979.44,No
CUST00423,Male,0,30,No,No,44.07,1077.04,No
CUST00424,Female,0,10,No,Fiber optic,87.35,936.26,No
CUST00425,Male,0,35,Yes,DSL,78.63,2694.17,No
CUST00426,Male,0,29,Yes,No,32.28,829.54,No
CUST00427,Female,1,5,Yes,Fiber optic,66.67,331.18,Yes
CUST00428,Female,0,69,No,Fiber optic,21.4,870.75,No
CUST00429,Female,0,52,Yes,Fiber optic,87.07,,No
CUST00430,Female,0,11,Yes,DSL,105.89,1217.7,Yes
CUST00431,Male,0,11,Yes,Fiber optic,74.72,732.15,Yes
CUST00432,Female,0,48,No,DSL,29.35,1473.05,No
CUST00433,Male,0,68,Yes,Fiber optic,38.62,2053.24,Yes
CUST00434,Male,0,24,Yes,DSL,79.47,1993.52,No
CUST00435,Male,0,48,No,DSL,82.48,4336.02,No
CUST00436,Female,0,32,No,Fiber optic,37.69,1390.01,No
CUST00437,Female,0,21,No,Fiber optic,71.18,1494.74,No
CUST00438,Female,0,5,Yes,DSL,80.71,388.12,Yes
CUST00439,Male,1,7,No,DSL,60.38,442.98,No
CUST00440,Female,0,12,No,Fiber optic,66.88,,Yes
CUST00441,Female,0,0,Yes,DSL,88.43,,Yes
CUST00442,Male,0,2,Yes,Fiber optic,99.15,213.44,Yes
CUST00443,Male,0,9,No,Fiber optic,86.44,710.2,No
CUST00444,Male,1,40,Yes,DSL,44.99,1906.32,No
CUST00445,Male,0,72,Yes,No,21.82,2152.66,No
CUST00446,Female,1,49,No,DSL,86.85,4481.76,Yes
CUST00447,Male,0,34,Yes,Fiber optic,21.53,982.27,No
CUST00448,Male,0,24,No,No,42.43,921.18,No
CUST00449,Female,0,0,No,Fiber optic,66.04,,No
CUST00450,Female,0,11,Yes,Fiber optic,105.86,1110.15,No
CUST00451,Male,0,46,No,No,24.95,1200.02,No
CUST00452,Female,0,48,Yes,Fiber optic,55.65,3138.04,No
CUST00453,Female,0,9,No,Fiber optic,100.57,899.64,Yes
CUST00454,Male,0,21,No,Fiber optic,43.23,1095.81,No
CUST00455,Female,0,28,No,No,67.74,,No
CUST00456,Male,1,9,Yes,DSL,61.13,,Yes
CUST00457,Female,0,69,No,DSL,32.17,1912.43,No
CUST00458,Female,1,20,No,No,63.67,,No
CUST00459,Male,0,57,No,Fiber optic,94.8,5085.74,No
CUST00460,Male,0,66,No,DSL,21.98,2051.42,No
CUST00461,Male,0,2,Yes,No,61.9,120.84,No
CUST00462,Female,0,72,Yes,Fiber optic,25.01,,No
CUST00463,Male,0,35,No,DSL,45.75,1667.51,No
CUST00464,Male,0,6,Yes,No,103.71,600.36,Yes
CUST00465,Male,0,22,Yes,DSL,29.09,477.97,No
CUST00466,Female,0,30,No,DSL,87.44,2756.94,No
CUST00467,Female,0,2,No,No,64.49,131.86,No
CUST00468,Male,0,4,Yes,DSL,99.34,,No
CUST00469,Female,0,28,Yes,DSL,54.76,1682.19,No
CUST00470,Male,0,1,Yes,No,98.24,90.99,No
CUST00471,Female,0,5,Yes,DSL,107.46,546.35,Yes
CUST00472,Female,0,8,Yes,DSL,91.71,670.66,No
CUST00473,Female,0,36,Yes,DSL,41.01,1149.83,No
CUST00474,Male,0,2,Yes,DSL,71.91,127.7,No
CUST00475,Female,0,59,No,Fiber optic,32.66,1856.96,No
CUST00476,Female,0,0,Yes,Fiber optic,62.34,,Yes
CUST00477,Male,0,54,Yes,DSL,79.93,4618.92,No
CUST00478,Male,0,2,No,Fiber optic,97.3,204.06,No
CUST00479,Female,1,57,No,Fiber optic,38.99,2357.18,Yes
CUST00480,Male,0,43,No,Fiber optic,52.97,2124.95,Yes
CUST00481,Male,0,65,Yes,Fiber optic,34.94,2071.67,No
CUST00482,Male,0,31,Yes,DSL,34.48,763.19,No
CUST00483,Female,1,8,Yes,No,81.94,656.3,Yes
CUST00484,Male,1,7,Yes,DSL,106.02,680.83,Yes
CUST00485,Female,0,27,No,Fiber optic,88.19,2626.06,No
CUST00486,Male,1,8,Yes,Fiber optic,109.43,944.36,Yes
CUST00487,Male,1,64,Yes,No,82.4,,No
CUST00488,Female,0,17,Yes,No,81.46,1368.02,No
CUST00489,Female,0,52,No,DSL,88.79,,No
CUST00490,Female,0,9,No,DSL,102.73,,Yes
CUST00491,Female,0,57,Yes,No,88.4,5347.66,No
CUST00492,Female,0,65,No,DSL,91.44,5791.93,No
CUST00493,Male,1,60,Yes,DSL,83.89,4729.77,No
CUST00494,Female,0,11,Yes,DSL,103.57,1165.92,Yes
CUST00495,Female,0,67,No,Fiber optic,28.68,2217.44,Yes
CUST00496,Female,0,41,No,DSL,91.02,3712.21,No
CUST00497,Male,0,7,Yes,Fiber optic,61.6,484.9,Yes
CUST00498,Male,0,3,Yes,No,61.59,183.65,No
CUST00499,Male,0,54,Yes,DSL,94.08,4799.51,No
CUST00500,Male,0,45,No,DSL,68.21,2968.99,No
CUST00501,Male,1,18,Yes,DSL,27.28,373.65,Yes
CUST00502,Male,0,11,No,No,63.07,647.92,No
CUST00503,Male,0,56,Yes,DSL,44.22,2982.27,No
CUST00504,Male,1,1,No,Fiber optic,63.84,61.45,Yes
CUST00505,Female,0,45,No,No,30.77,1554.76,No
CUST00506,Female,0,36,No,Fiber optic,48.29,1726.81,No
CUST00507,Female,0,1,Yes,DSL,100.21,90.95,No
CUST00508,Female,1,11,Yes,No,91.83,1118.92,Yes
CUST00509,Male,0,24,Yes,Fiber optic,66.45,1553.86,No
CUST00510,Male,0,7,Yes,Fiber optic,77.12,509.73,Yes
CUST00511,Male,0,30,No,Fiber optic,29.23,819.36,No
CUST00512,Male,0,51,No,Fiber optic,99.21,5455.93,No
CUST00513,Female,0,30,Yes,DSL,67.69,1775.93,No
CUST00514,Female,1,32,Yes,DSL,96.01,3237.32,Yes
CUST00515,Male,0,35,No,DSL,34.7,1218.64,No
CUST00516,Male,0,29,Yes,Fiber optic,93.01,2878.64,No
CUST00517,Female,0,51,No,DSL,32.4,1488.26,No
CUST00518,Female,0,68,Yes,No,48.44,2690.71,No
CUST00519,Male,0,7,Yes,DSL,97.46,651.16,Yes
CUST00520,Male,0,4,Yes,DSL,82.39,298.92,No
CUST00521,Male,1,58,No,Fiber optic,76.07,4457.53,No
CUST00522,Male,0,28,Yes,Fiber optic,62.34,1568.44,Yes
CUST00523,Female,0,48,Yes,Fiber optic,35.87,1593.54,No
CUST00524,Female,0,34,No,DSL,78.37,2966.91,No
CUST00525,Female,0,3,Yes,No,97.26,,Yes
CUST00526,Male,0,65,No,DSL,64.15,4141.01,No
CUST00527,Male,1,10,No,No,77.77,804.53,Yes
CUST00528,Female,1,6,No,Fiber optic,93.84,594.16,Yes
CUST00529,Male,0,5,No,DSL,108.95,534.71,Yes
CUST00530,Female,1,18,Yes,Fiber optic,24.38,460.76,Yes
CUST00531,Female,0,31,No,DSL,29.36,852.26,No
CUST00532,Male,0,8,Yes,DSL,63.67,548.78,No
CUST00533,Male,0,23,No,Fiber optic,71.8,1496.74,Yes
CUST00534,Female,0,40,No,DSL,86.76,3610.85,No
CUST00535,Female,0,5,No,Fiber optic,89.6,492.12,No
CUST00536,Female,1,71,No,DSL,76.78,5013.87,No
CUST00537,Male,0,16,No,Fiber optic,54.0,1003.38,No
CUST00538,Female,0,12,Yes,DSL,55.23,585.73,No
CUST00539,Male,0,11,No,Fiber optic,73.8,743.25,No
CUST00540,Male,0,38,No,Fiber optic,37.91,1818.83,No
CUST00541,Female,0,21,Yes,DSL,69.11,1450.48,No
CUST00542,Male,1,69,Yes,No,40.2,2750.79,Yes
CUST00543,Male,0,68,No,DSL,81.43,4979.33,No
CUST00544,Female,0,17,No,Fiber optic,98.92,1847.17,Yes
CUST00545,Male,1,14,No,DSL,31.48,548.0,No
CUST00546,Male,0,16,Yes,Fiber optic,22.95,,No
CUST00547,Male,0,5,No,DSL,107.12,566.54,No
CUST00548,Female,0,55,Yes,No,68.63,3519.22,No
CUST00549,Male,0,41,No,Fiber optic,55.95,2196.25,No
CUST00550,Male,0,8,No,Fiber optic,60.36,510.23,Yes
CUST00551,Male,0,57,Yes,DSL,51.02,2904.16,No
CUST00552,Female,1,3,Yes,Fiber optic,97.09,277.35,Yes
CUST00553,Male,0,1,No,No,103.55,110.99,Yes
CUST00554,Female,0,1,Yes,Fiber optic,109.26,110.25,Yes
CUST00555,Female,1,31,Yes,DSL,91.21,2794.79,Yes
CUST00556,Female,1,67,Yes,Fiber optic,75.85,4513.92,Yes
CUST00557,Male,1,4,No,No,83.77,355.45,Yes
CUST00558,Male,0,11,Yes,DSL,88.98,912.88,No
CUST00559,Female,0,11,No,No,67.55,679.8,No
CUST00560,Male,0,30,No,DSL,27.05,798.96,No
CUST00561,Male,0,10,No,Fiber optic,84.55,864.92,Yes
CUST00562,Male,1,0,Yes,No,77.06,,No
CUST00563,Male,0,0,No,DSL,64.91,,No
CUST00564,Male,0,52,Yes,No,93.44,4781.19,No
CUST00565,Male,1,12,No,DSL,77.28,935.04,No
CUST00566,Female,1,23,Yes,Fiber optic,58.57,1238.47,No
CUST00567,Female,0,9,Yes,No,66.52,687.82,No
CUST00568,Male,0,46,No,No,30.05,1261.76,No
CUST00569,Female,0,68,No,Fiber optic,37.54,2646.41,No
CUST00570,Female,0,11,Yes,DSL,67.95,710.22,No
CUST00571,Female,0,7,No,No,98.36,666.02,Yes
CUST00572,Male,0,67,Yes,DSL,28.4,1320.36,No
CUST00573,Male,0,28,Yes,DSL,57.01,1531.51,No
CUST00574,Male,1,10,No,DSL,109.88,1024.37,Yes
CUST00575,Female,1,50,Yes,DSL,30.28,1567.98,No
CUST00576,Male,0,17,Yes,No,57.41,1039.22,No
CUST00577,Male,0,8,Yes,Fiber optic,61.07,434.97,Yes
CUST00578,Male,0,7,No,DSL,105.01,698.25,No
CUST00579,Female,0,60,No,DSL,61.98,3352.6,No
CUST00580,Male,0,35,Yes,Fiber optic,62.88,2005.39,No
CUST00581,Female,0,23,Yes,Fiber optic,93.92,2222.24,No
CUST00582,Male,0,68,Yes,Fiber optic,63.49,4583.8,Yes
CUST00583,Female,0,8,No,DSL,70.12,579.66,Yes
CUST00584,Male,0,0,Yes,Fiber optic,97.66,,Yes
CUST00585,Male,0,27,No,DSL,82.05,2051.21,No
CUST00586,Female,0,62,No,Fiber optic,21.14,1622.02,Yes
CUST00587,Male,0,2,No,DSL,65.04,134.23,No
CUST00588,Female,0,54,No,Fiber optic,89.91,4794.58,No
CUST00589,Male,0,25,Yes,No,66.04,,No
CUST00590,Female,1,30,Yes,Fiber optic,46.88,1454.71,No
CUST00591,Female,0,12,Yes,Fiber optic,89.27,1011.06,No
CUST00592,Male,0,42,No,No,91.51,4261.76,No
CUST00593,Male,0,60,Yes,DSL,68.38,4641.54,No
CUST00594,Female,1,19,No,No,86.98,1778.6,No
CUST00595,Female,0,12,No,DSL,49.59,659.81,No
CUST00596,Female,0,36,Yes,Fiber optic,68.71,2364.7,No
CUST00597,Female,0,1,No,DSL,64.2,66.15,No
CUST00598,Female,0,3,Yes,DSL,61.31,162.63,No
CUST00599,Male,0,12,No,DSL,71.46,836.06,No
CUST00600,Male,0,2,No,No,64.56,118.13,No
CUST00601,Male,0,9,No,Fiber optic,95.4,919.1,No
CUST00602,Male,0,25,Yes,No,52.98,1111.13,No
CUST00603,Male,0,0,No,Fiber optic,106.45,,Yes
CUST00604,Female,0,58,No,Fiber optic,25.4,942.07,No
CUST00605,Male,0,12,No,DSL,57.46,734.18,No
CUST00606,Female,0,21,No,No,65.26,1238.72,No
CUST00607,Female,0,51,No,DSL,31.44,1429.53,No
CUST00608,Female,0,42,Yes,DSL,50.3,1830.34,No
CUST00609,Female,1,9,No,DSL,81.58,735.62,Yes
CUST00610,Female,0,8,No,Fiber optic,78.4,647.63,Yes
CUST00611,Male,0,17,No,Fiber optic,71.97,1255.66,No
CUST00612,Female,1,35,No,DSL,55.23,2166.97,No
CUST00613,Male,0,7,Yes,DSL,76.71,559.68,No
CUST00614,Male,1,9,Yes,Fiber optic,91.19,865.7,No
CUST00615,Female,0,26,No,DSL,36.22,1018.32,No
CUST00616,Male,0,12,Yes,Fiber optic,46.84,606.26,Yes
CUST00617,Male,1,11,Yes,DSL,68.41,855.39,No
CUST00618,Male,0,60,No,DSL,33.87,2561.86,No
CUST00619,Male,0,10,Yes,Fiber optic,78.87,721.09,Yes
CUST00620,Male,0,45,No,DSL,50.3,2495.7,No
CUST00621,Female,0,44,Yes,DSL,59.85,2269.71,No
CUST00622,Female,0,1,Yes,No,97.65,102.17,Yes
CUST00623,Male,0,6,Yes,Fiber optic,102.81,627.77,Yes
CUST00624,Female,0,66,Yes,DSL,81.42,5088.86,No
CUST00625,Male,0,9,Yes,No,97.24,861.27,No
CUST00626,Female,0,20,Yes,Fiber optic,85.86,1517.26,Yes
CUST00627,Female,0,8,No,Fiber optic,75.04,672.19,No
CUST00628,Female,0,37,Yes,DSL,86.32,2945.43,No
CUST00629,Male,0,27,Yes,Fiber optic,67.01,1571.84,No
CUST00630,Female,0,71,No,No,54.86,3578.13,No
CUST00631,Female,0,4,No,DSL,85.92,347.69,Yes
CUST00632,Female,0,48,Yes,DSL,76.97,3735.14,No
CUST00633,Male,0,2,Yes,Fiber optic,61.59,107.56,No
CUST00634,Male,0,3,Yes,Fiber optic,61.2,180.58,No
CUST00635,Male,0,20,No,Fiber optic,88.72,1885.22,No
CUST00636,Female,1,5,No,Fiber optic,72.61,364.07,Yes
CUST00637,Female,1,3,Yes,DSL,76.52,250.71,Yes
CUST00638,Male,0,40,Yes,No,48.49,1694.31,No
CUST00639,Male,0,41,No,Fiber optic,97.7,3950.51,No
CUST00640,Male,0,29,Yes,DSL,28.95,871.03,No
CUST00641,Female,1,37,No,DSL,55.72,2269.65,No
CUST00642,Male,0,20,No,No,26.69,442.11,No
CUST00643,Male,0,3,Yes,Fiber optic,78.67,251.53,Yes
CUST00644,Male,0,11,No,No,79.18,896.26,Yes
CUST00645,Male,0,23,Yes,DSL,44.76,906.34,No
CUST00646,Male,1,43,Yes,No,58.85,,No
CUST00647,Female,0,30,Yes,Fiber optic,66.96,1962.17,No
CUST00648,Female,0,21,Yes,No,40.79,878.3,No
CUST00649,Female,0,27,Yes,DSL,22.63,474.54,No
CUST00650,Female,0,52,Yes,Fiber optic,53.41,,Yes
CUST00651,Male,0,8,No,Fiber optic,93.8,749.13,No
CUST00652,Male,1,69,Yes,DSL,43.42,2613.35,Yes
CUST00653,Female,0,35,Yes,Fiber optic,79.1,2502.55,Yes
CUST00654,Male,1,8,No,Fiber optic,63.92,485.63,Yes
CUST00655,Female,1,10,No,DSL,109.89,999.4,Yes
CUST00656,Male,0,58,Yes,No,73.06,3779.95,No
CUST00657,Male,0,3,Yes,No,77.89,222.79,No
CUST00658,Female,0,11,No,No,68.33,766.03,No
CUST00659,Male,0,12,Yes,Fiber optic,67.54,752.17,No
CUST00660,Male,0,34,No,DSL,70.11,2562.1,No
CUST00661,Female,0,19,Yes,Fiber optic,86.51,1464.66,No
CUST00662,Female,0,12,No,DSL,77.51,901.23,No
CUST00663,Male,0,29,No,DSL,92.61,,No
CUST00664,Male,0,10,Yes,DSL,61.25,638.29,No
CUST00665,Male,0,66,Yes,No,61.93,4569.84,No
CUST00666,Male,0,60,No,No,42.32,2890.21,No
CUST00667,Male,0,2,Yes,Fiber optic,73.33,142.94,Yes
CUST00668,Male,0,46,Yes,DSL,74.26,3125.19,No
CUST00669,Male,1,2,No,Fiber optic,70.49,150.8,Yes
CUST00670,Male,0,12,Yes,Fiber optic,70.51,824.43,No
CUST00671,Male,0,25,Yes,DSL,44.27,1347.8,No
CUST00672,Female,0,28,No,DSL,51.44,1512.92,No
CUST00673,Female,0,1,No,DSL,79.13,83.84,No
CUST00674,Female,0,31,Yes,DSL,90.91,2608.32,No
CUST00675,Male,0,20,No,No,85.91,1774.45,No
CUST00676,Male,0,43,No,Fiber optic,92.77,,Yes
CUST00677,Female,1,2,No,DSL,74.53,136.31,Yes
CUST00678,Female,0,31,Yes,Fiber optic,58.98,1735.52,No
CUST00679,Female,1,5,No,DSL,67.04,378.13,Yes
CUST00680,Female,0,38,No,DSL,53.11,1882.55,No
CUST00681,Male,0,49,Yes,DSL,29.92,1807.87,No
CUST00682,Female,0,11,Yes,No,91.18,1095.66,No
CUST00683,Female,0,51,No,Fiber optic,69.82,3293.79,No
CUST00684,Male,0,20,Yes,DSL,51.81,1134.06,No
CUST00685,Female,0,6,Yes,DSL,100.97,622.63,No
CUST00686,Male,0,62,Yes,No,29.05,1995.32,No
CUST00687,Male,0,9,No,No,74.79,732.46,No
CUST00688,Female,1,4,No,No,89.02,337.35,No
CUST00689,Male,0,49,Yes,DSL,35.81,1810.62,No
CUST00690,Female,0,7,No,DSL,106.84,756.09,No
CUST00691,Female,0,11,No,Fiber optic,105.91,1187.91,Yes
CUST00692,Female,0,68,Yes,Fiber optic,89.6,6023.41,Yes
CUST00693,Male,0,5,Yes,Fiber optic,80.37,434.23,No
CUST00694,Female,0,28,No,DSL,64.09,1733.27,No
CUST00695,Male,0,13,No,Fiber optic,27.43,343.81,No
CUST00696,Male,0,10,Yes,No,90.37,962.53,Yes
CUST00697,Female,0,0,Yes,Fiber optic,95.43,,Yes
CUST00698,Female,0,7,Yes,DSL,82.54,613.83,Yes
CUST00699,Female,0,45,Yes,Fiber optic,42.45,2311.47,No
CUST00700,Male,0,7,No,DSL,78.37,,Yes
CUST00701,Male,1,48,Yes,Fiber optic,69.76,3077.18,No
CUST00702,Female,1,22,No,Fiber optic,94.98,1909.01,No
CUST00703,Male,0,53,No,DSL,94.72,5298.3,No
CUST00704,Female,0,49,Yes,DSL,78.74,3457.97,No
CUST00705,Male,0,37,Yes,Fiber optic,80.33,2809.72,No
CUST00706,Male,0,13,No,DSL,93.56,1276.18,No
CUST00707,Male,0,43,Yes,Fiber optic,81.24,3586.24,Yes
CUST00708,Female,0,12,Yes,DSL,54.12,616.49,No
CUST00709,Female,1,44,No,DSL,37.8,1992.22,No
CUST00710,Male,0,67,Yes,DSL,55.84,3526.24,No
CUST00711,Female,0,3,Yes,DSL,61.01,169.21,No
CUST00712,Female,1,47,Yes,DSL,31.26,1835.24,No
CUST00713,Male,0,12,Yes,DSL,50.73,497.31,No
CUST00714,Male,0,18,Yes,DSL,60.97,1042.12,No
CUST00715,Male,1,12,Yes,DSL,21.28,294.72,No
CUST00716,Male,0,8,Yes,No,74.87,650.16,Yes
CUST00717,Female,0,51,Yes,DSL,41.04,1775.33,No
CUST00718,Male,0,39,Yes,No,88.61,3207.71,No
CUST00719,Female,0,69,Yes,No,37.71,2698.74,No
CUST00720,Male,0,64,No,DSL,55.35,4134.93,No
CUST00721,Female,1,12,No,DSL,68.73,926.27,No
CUST00722,Male,0,43,Yes,Fiber optic,71.34,3430.9,No
CUST00723,Female,0,45,Yes,DSL,60.17,2436.67,No
CUST00724,Female,0,23,Yes,No,21.87,456.53,No
CUST00725,Male,0,41,No,Fiber optic,38.15,1325.96,No
CUST00726,Female,0,33,No,Fiber optic,55.13,2130.69,No
CUST00727,Male,0,9,Yes,DSL,62.15,544.76,No
CUST00728,Male,0,0,No,Fiber optic,90.92,,Yes
CUST00729,Male,0,53,No,Fiber optic,58.32,3595.76,Yes
CUST00730,Female,0,49,No,Fiber optic,27.32,1132.5,No
CUST00731,Female,0,8,Yes,Fiber optic,101.58,811.68,Yes
CUST00732,Female,0,11,Yes,DSL,64.33,616.24,No
CUST00733,Female,0,51,No,DSL,83.26,4409.37,No
CUST00734,Female,0,23,Yes,No,35.96,882.72,No
CUST00735,Male,0,3,No,Fiber optic,72.58,224.29,Yes
CUST00736,Female,0,3,No,DSL,68.66,185.17,No
CUST00737,Male,0,55,No,Fiber optic,48.32,2125.67,No
CUST00738,Male,1,12,No,DSL,27.14,245.34,No
CUST00739,Female,0,2,Yes,No,83.46,183.55,No
CUST00740,Female,0,29,No,Fiber optic,96.06,2559.53,Yes
CUST00741,Female,0,64,Yes,Fiber optic,29.42,2158.48,No
CUST00742,Female,0,56,No,Fiber optic,30.98,1816.78,No
CUST00743,Male,1,25,Yes,DSL,70.11,1804.81,Yes
CUST00744,Male,1,23,Yes,DSL,98.77,2420.96,Yes
CUST00745,Male,0,9,No,Fiber optic,64.12,567.44,Yes
CUST00746,Female,0,41,Yes,DSL,38.39,1904.02,No
CUST00747,Female,0,5,Yes,No,67.63,338.45,No
CUST00748,Female,0,1,Yes,Fiber optic,72.89,74.16,Yes
CUST00749,Female,0,45,No,No,79.36,3761.19,No
CUST00750,Female,0,41,No,DSL,53.93,2410.31,No
CUST00751,Male,0,19,Yes,Fiber optic,92.74,1886.43,No
CUST00752,Male,1,1,Yes,No,82.71,77.08,No
CUST00753,Female,0,71,Yes,DSL,62.15,4925.66,No
CUST00754,Male,1,58,Yes,Fiber optic,50.14,2941.58,No
CUST00755,Female,0,11,Yes,Fiber optic,76.93,903.58,Yes
CUST00756,Female,0,26,No,Fiber optic,79.99,2029.89,No
CUST00757,Male,0,69,No,No,56.4,4062.76,No
CUST00758,Male,0,68,Yes,DSL,81.05,5496.4,No
CUST00759,Male,0,59,No,DSL,73.78,4894.41,No
CUST00760,Female,0,5,Yes,Fiber optic,89.21,434.98,No
CUST00761,Male,0,30,Yes,Fiber optic,33.82,1083.88,No
CUST00762,Female,0,2,No,DSL,79.83,163.34,Yes
CUST00763,Female,0,67,Yes,DSL,93.75,6133.48,No
CUST00764,Male,0,11,Yes,Fiber optic,77.02,851.41,No
CUST00765,Female,0,4,Yes,Fiber optic,108.8,472.52,Yes
CUST00766,Male,0,7,Yes,Fiber optic,66.15,432.26,No
CUST00767,Female,0,20,Yes,Fiber optic,31.75,797.94,No
CUST00768,Female,0,15,Yes,DSL,73.64,1113.73,No
CUST00769,Female,0,59,No,DSL,60.56,3649.91,No
CUST00770,Male,0,11,Yes,Fiber optic,86.03,1003.7,No
CUST00771,Female,1,72,Yes,DSL,40.12,3005.35,No
CUST00772,Female,0,11,No,DSL,93.74,1091.54,Yes
CUST00773,Female,0,7,Yes,No,80.99,549.84,No
CUST00774,Male,0,21,No,DSL,72.07,1377.06,No
CUST00775,Male,0,3,Yes,Fiber optic,94.17,304.73,Yes
CUST00776,Male,0,49,No,No,51.82,2216.89,No
CUST00777,Male,0,21,No,Fiber optic,34.49,766.06,No
CUST00778,Male,0,55,No,No,81.07,3958.64,No
CUST00779,Female,0,21,No,Fiber optic,41.42,1061.04,No
CUST00780,Female,0,71,Yes,Fiber optic,43.62,3770.16,No
CUST00781,Female,0,41,Yes,Fiber optic,95.58,3869.52,No
CUST00782,Female,0,53,No,DSL,33.35,1478.07,No
CUST00783,Male,0,52,No,Fiber optic,37.99,1723.08,Yes
CUST00784,Male,0,41,No,DSL,51.95,2228.35,No
CUST00785,Male,0,3,No,No,106.55,336.77,Yes
CUST00786,Female,1,59,Yes,Fiber optic,43.48,2901.95,Yes
CUST00787,Female,0,32,Yes,DSL,84.7,2445.72,No
CUST00788,Female,0,21,No,Fiber optic,64.2,1420.59,No
CUST00789,Female,1,4,Yes,Fiber optic,63.22,228.38,No
CUST00790,Female,0,15,No,Fiber optic,56.69,817.32,No
CUST00791,Female,1,40,Yes,Fiber optic,81.56,3335.51,No
CUST00792,Male,0,3,No,Fiber optic,61.31,175.87,No
CUST00793,Female,1,4,No,No,87.93,356.46,Yes
CUST00794,Male,0,10,Yes,DSL,87.74,900.08,Yes
CUST00795,Female,0,8,Yes,No,65.82,495.09,No
CUST00796,Female,1,10,Yes,Fiber optic,97.4,1073.2,Yes
CUST00797,Male,0,13,No,Fiber optic,69.7,991.44,No
CUST00798,Male,1,18,No,DSL,98.25,1621.81,No
CUST00799,Male,0,11,Yes,No,70.75,849.51,Yes
CUST00800,Female,0,7,No,No,105.35,703.55,Yes
CUST00801,Female,0,42,No,No,57.48,2540.46,No
CUST00802,Female,0,40,No,DSL,29.54,1522.17,No
CUST00803,Female,0,1,No,DSL,84.66,84.38,Yes
CUST00804,Male,0,53,No,Fiber optic,72.28,3484.13,No
CUST00805,Male,0,3,Yes,No,60.13,155.45,No
CUST00806,Female,0,4,No,DSL,79.96,317.55,Yes
CUST00807,Female,0,33,No,Fiber optic,21.56,982.97,No
CUST00808,Male,0,1,Yes,Fiber optic,79.03,77.16,Yes
CUST00809,Female,0,13,No,Fiber optic,57.39,686.63,No
CUST00810,Female,1,65,Yes,No,23.61,1326.06,Yes
CUST00811,Female,0,35,No,Fiber optic,52.51,1742.38,Yes
CUST00812,Male,0,6,No,DSL,62.79,348.14,No
CUST00813,Male,0,6,No,Fiber optic,95.22,531.58,Yes
CUST00814,Female,0,64,Yes,DSL,84.71,4784.44,No
CUST00815,Female,0,3,Yes,No,85.82,285.42,No
CUST00816,Male,0,24,No,DSL,96.79,2185.25,No
CUST00817,Female,1,10,No,DSL,69.34,594.42,Yes
CUST00818,Female,0,48,Yes,DSL,96.53,4965.05,No
CUST00819,Male,0,14,No,Fiber optic,27.24,267.71,No
CUST00820,Male,0,44,No,No,28.16,1662.9,No
CUST00821,Female,0,5,Yes,Fiber optic,94.31,496.86,Yes
CUST00822,Female,0,11,No,Fiber optic,67.45,643.84,No
CUST00823,Male,0,4,No,No,106.79,,No
CUST00824,Male,0,68,Yes,No,31.37,2436.7,No
CUST00825,Female,0,32,No,Fiber optic,20.14,369.9,No
CUST00826,Female,1,3,No,No,71.14,241.34,Yes
CUST00827,Male,0,59,No,No,28.55,2214.66,No
CUST00828,Male,0,67,No,DSL,28.8,2542.82,No
CUST00829,Male,0,56,No,Fiber optic,51.02,2377.21,No
CUST00830,Female,0,30,No,No,37.94,949.14,No
CUST00831,Male,0,30,Yes,DSL,36.15,985.8,No
CUST00832,Female,0,18,No,DSL,21.54,224.96,No
CUST00833,Male,0,35,No,DSL,51.48,1799.25,No
CUST00834,Female,0,1,Yes,DSL,94.36,92.84,No
CUST00835,Female,0,12,Yes,No,24.99,299.22,No
CUST00836,Male,0,26,Yes,DSL,66.96,1971.87,No
CUST00837,Male,0,15,Yes,DSL,55.52,835.65,No
CUST00838,Male,0,12,No,No,61.46,771.4,No
CUST00839,Female,0,55,No,DSL,42.36,1889.3,No
CUST00840,Male,0,12,No,DSL,30.03,403.12,No
CUST00841,Male,0,10,No,Fiber optic,92.75,887.84,Yes
CUST00842,Female,0,1,Yes,DSL,109.07,110.07,Yes
CUST00843,Male,0,51,No,DSL,96.77,4561.31,No
CUST00844,Female,0,63,Yes,Fiber optic,64.79,4170.93,No
CUST00845,Female,0,45,No,Fiber optic,85.83,4289.74,No
CUST00846,Male,0,66,No,Fiber optic,59.16,3834.51,No
CUST00847,Female,0,0,Yes,DSL,70.98,,Yes
CUST00848,Female,0,19,Yes,Fiber optic,44.91,811.35,No
CUST00849,Male,0,9,Yes,DSL,83.36,740.4,Yes
CUST00850,Female,0,5,No,Fiber optic,67.08,340.71,No
CUST00851,Female,0,7,Yes,No,87.69,580.4,Yes
CUST00852,Female,0,7,Yes,DSL,74.66,,Yes
CUST00853,Female,0,68,No,DSL,85.46,,No
CUST00854,Male,0,7,Yes,Fiber optic,68.45,497.38,No
CUST00855,Female,0,12,Yes,DSL,51.35,607.77,No
CUST00856,Male,1,51,No,DSL,74.0,3633.54,Yes
CUST00857,Female,0,2,Yes,Fiber optic,81.98,170.07,Yes
CUST00858,Female,0,1,Yes,No,98.14,91.02,Yes
CUST00859,Female,0,37,Yes,Fiber optic,64.02,2272.34,No
CUST00860,Female,0,32,Yes,No,82.68,2934.7,No
CUST00861,Female,0,56,Yes,DSL,89.36,5557.51,No
CUST00862,Female,0,61,Yes,DSL,67.26,3558.02,No
CUST00863,Male,1,4,No,DSL,81.39,348.04,No
CUST00864,Female,0,3,Yes,DSL,71.59,244.32,Yes
CUST00865,Female,0,4,No,DSL,71.51,286.29,No
CUST00866,Female,1,70,No,DSL,28.01,1498.87,No
CUST00867,Male,0,40,Yes,Fiber optic,31.11,1535.85,Yes
CUST00868,Male,0,4,No,Fiber optic,84.11,365.62,No
CUST00869,Male,1,33,Yes,DSL,56.65,1750.09,No
CUST00870,Female,1,6,Yes,DSL,89.35,543.39,Yes
CUST00871,Male,0,9,Yes,Fiber optic,82.01,805.17,No
CUST00872,Male,0,33,Yes,Fiber optic,30.3,1119.8,No
CUST00873,Male,1,8,No,Fiber optic,108.6,850.14,Yes
CUST00874,Male,0,45,Yes,DSL,23.81,687.28,No
CUST00875,Female,0,15,Yes,DSL,56.62,764.15,No
CUST00876,Female,0,59,Yes,No,24.13,1846.68,No
CUST00877,Male,0,4,Yes,Fiber optic,62.66,282.6,Yes
CUST00878,Female,1,49,No,DSL,56.41,2564.12,No
CUST00879,Female,0,44,No,Fiber optic,90.86,4306.51,No
CUST00880,Female,0,47,Yes,No,49.39,2623.99,No
CUST00881,Female,0,19,No,Fiber optic,42.6,739.26,No
CUST00882,Female,0,32,No,No,92.52,3278.11,No
CUST00883,Female,0,13,No,Fiber optic,60.37,723.52,Yes
CUST00884,Female,0,11,No,Fiber optic,101.15,1181.75,Yes
CUST00885,Female,1,33,No,No,24.64,,Yes
CUST00886,Male,0,25,Yes,No,32.13,675.13,No
CUST00887,Male,1,5,No,Fiber optic,71.7,333.46,Yes
CUST00888,Male,0,0,Yes,No,102.94,,No
CUST00889,Female,0,58,No,DSL,69.12,4432.79,No
CUST00890,Male,0,59,No,Fiber optic,46.52,2291.82,Yes
CUST00891,Female,0,10,Yes,DSL,104.22,1076.13,Yes
CUST00892,Female,0,0,No,No,70.65,,Yes
CUST00893,Female,1,28,Yes,DSL,84.11,2080.01,No
CUST00894,Male,1,2,Yes,DSL,72.92,136.02,Yes
CUST00895,Female,1,2,No,No,77.4,,Yes
CUST00896,Female,0,8,Yes,No,72.94,514.5,No
CUST00897,Female,0,71,Yes,No,68.64,4653.76,No
CUST00898,Female,0,9,Yes,Fiber optic,67.26,574.3,No
CUST00899,Female,0,12,No,Fiber optic,83.31,996.65,Yes
CUST00900,Male,1,59,No,No,21.11,764.44,No
CUST00901,Female,0,57,No,DSL,61.09,3086.53,No
CUST00902,Female,1,57,Yes,No,52.78,2947.06,No
CUST00903,Male,0,29,Yes,Fiber optic,31.27,631.09,No
CUST00904,Female,0,0,Yes,DSL,65.05,,No
CUST00905,Male,0,16,No,DSL,82.45,1324.89,No
CUST00906,Male,0,49,No,No,60.5,2679.75,No
CUST00907,Male,0,4,No,DSL,84.77,315.39,Yes
CUST00908,Male,0,17,Yes,Fiber optic,54.22,988.54,No
CUST00909,Male,0,4,Yes,Fiber optic,66.77,300.89,Yes
CUST00910,Female,1,24,Yes,Fiber optic,92.63,2337.04,No
CUST00911,Female,0,11,No,Fiber optic,91.29,952.16,Yes
CUST00912,Male,0,12,Yes,Fiber optic,21.93,216.21,No
CUST00913,Female,0,15,Yes,DSL,94.09,1274.59,No
CUST00914,Male,0,47,No,DSL,69.24,2882.15,No
CUST00915,Male,0,37,Yes,Fiber optic,86.39,3561.99,No
CUST00916,Male,0,67,Yes,Fiber optic,95.12,6449.07,No
CUST00917,Female,0,69,Yes,Fiber optic,94.49,5847.21,Yes
CUST00918,Male,0,4,No,Fiber optic,74.5,295.39,Yes
CUST00919,Male,0,8,No,No,63.61,530.33,No
CUST00920,Male,0,71,Yes,No,80.05,5529.97,No
CUST00921,Male,0,5,Yes,No,100.78,537.57,No
CUST00922,Female,0,34,No,DSL,73.37,2164.86,No
CUST00923,Female,0,2,No,Fiber optic,86.98,191.93,No
CUST00924,Male,0,5,No,No,103.47,475.83,No
CUST00925,Male,0,51,No,DSL,81.97,4298.99,No
CUST00926,Male,0,9,No,No,108.03,882.7,No
CUST00927,Female,1,55,Yes,DSL,50.06,3043.1,No
CUST00928,Female,0,8,No,Fiber optic,88.02,681.32,No
CUST00929,Male,0,3,No,Fiber optic,68.42,229.11,No
CUST00930,Female,0,11,Yes,No,96.88,,Yes
CUST00931,Female,0,69,Yes,No,60.72,4518.58,No
CUST00932,Male,0,66,Yes,Fiber optic,82.22,5951.31,No
CUST00933,Female,0,67,No,No,59.55,3686.54,No
CUST00934,Female,0,65,No,DSL,38.83,3156.39,No
CUST00935,Female,0,41,No,Fiber optic,44.96,2188.94,No
CUST00936,Female,0,45,Yes,DSL,70.33,3316.04,No
CUST00937,Male,0,50,Yes,DSL,28.67,1429.05,No
CUST00938,Male,0,59,No,DSL,72.48,4511.6,No
CUST00939,Male,0,31,Yes,No,54.33,1859.64,No
CUST00940,Male,0,11,No,DSL,71.75,815.66,No
CUST00941,Male,0,47,No,Fiber optic,98.46,5023.4,No
CUST00942,Female,0,10,Yes,No,74.67,832.14,No
CUST00943,Male,1,33,Yes,Fiber optic,57.68,1971.31,Yes
CUST00944,Male,0,59,Yes,DSL,61.59,4061.36,No
CUST00945,Male,0,26,No,No,20.11,387.38,No
CUST00946,Male,0,35,Yes,No,27.83,746.81,No
CUST00947,Female,1,43,No,DSL,33.61,1225.8,Yes
CUST00948,Male,0,17,Yes,DSL,71.81,1348.79,No
CUST00949,Female,1,71,No,Fiber optic,80.47,5404.77,Yes
CUST00950,Male,0,3,No,DSL,80.34,262.61,Yes
CUST00951,Female,1,30,Yes,Fiber optic,35.9,1027.37,Yes
CUST00952,Female,0,37,No,DSL,65.88,2705.92,No
CUST00953,Female,0,10,Yes,DSL,107.91,1040.17,No
CUST00954,Female,0,4,No,Fiber optic,98.67,,Yes
CUST00955,Male,1,33,Yes,DSL,63.37,2113.52,No
CUST00956,Female,0,46,No,DSL,78.59,3224.7,No
CUST00957,Male,1,8,No,DSL,97.26,849.77,Yes
CUST00958,Male,1,48,No,DSL,88.74,,Yes
CUST00959,Female,1,7,Yes,Fiber optic,101.79,701.9,Yes
CUST00960,Male,0,27,Yes,DSL,95.25,2409.48,No
CUST00961,Female,0,66,Yes,DSL,53.65,3029.19,No
CUST00962,Female,0,36,Yes,Fiber optic,30.33,1084.0,No
CUST00963,Male,0,1,No,DSL,107.26,108.4,Yes
CUST00964,Female,1,1,Yes,Fiber optic,74.66,78.36,Yes
CUST00965,Female,0,71,Yes,No,66.96,,No
CUST00966,Male,0,68,No,No,28.24,2355.88,No
CUST00967,Male,0,7,Yes,DSL,83.18,601.77,No
CUST00968,Female,0,58,Yes,Fiber optic,62.75,3134.99,No
CUST00969,Female,0,5,No,Fiber optic,64.61,358.14,No
CUST00970,Male,0,69,No,No,76.68,5420.73,No
CUST00971,Male,0,20,Yes,DSL,80.62,1538.31,No
CUST00972,Female,0,9,No,Fiber optic,91.5,810.19,Yes
CUST00973,Male,0,59,No,DSL,20.96,,No
CUST00974,Male,0,17,No,DSL,55.9,907.83,No
CUST00975,Male,0,54,No,DSL,78.38,3722.34,No
CUST00976,Female,0,32,Yes,DSL,60.45,2169.58,No
CUST00977,Female,1,11,No,Fiber optic,69.9,723.51,No
CUST00978,Male,0,0,No,Fiber optic,84.55,,No
CUST00979,Female,0,10,Yes,Fiber optic,76.63,774.07,Yes
CUST00980,Male,0,46,Yes,DSL,55.18,2362.36,No
CUST00981,Male,0,25,Yes,Fiber optic,78.04,2124.61,No
CUST00982,Male,1,8,No,DSL,66.76,516.94,No
CUST00983,Male,0,37,Yes,Fiber optic,41.12,1666.75,No
CUST00984,Male,0,13,No,Fiber optic,42.73,428.02,Yes
CUST00985,Male,0,7,No,DSL,79.79,578.37,No
CUST00986,Male,0,51,No,DSL,76.4,4368.78,No
CUST00987,Male,0,1,No,Fiber optic,89.81,94.81,No
CUST00988,Female,0,19,Yes,Fiber optic,80.38,1367.73,Yes
CUST00989,Male,0,53,No,No,88.88,4596.1,No
CUST00990,Female,0,52,Yes,DSL,20.39,1045.72,No
CUST00991,Female,0,41,No,DSL,42.48,1735.94,No
CUST00992,Female,0,5,No,Fiber optic,62.46,283.38,Yes
CUST00993,Female,1,11,No,DSL,103.12,1191.14,No
CUST00994,Female,0,40,Yes,Fiber optic,28.68,1452.2,No
CUST00995,Female,0,8,Yes,No,106.44,791.67,Yes
CUST00996,Female,0,49,No,DSL,44.2,2047.71,No
CUST00997,Female,0,51,Yes,Fiber optic,71.77,3567.29,No
CUST00998,Female,0,11,No,DSL,83.84,977.37,Yes
CUST00999,Female,0,25,Yes,DSL,46.36,1362.79,No
CUST01000,Female,0,24,No,DSL,60.94,1298.17,No
